<xml xmlns="http://www.w3.org/1999/xhtml"><block type="variables_set" id="295" x="88" y="-112"><field name="VAR">noteDuration</field><value name="VALUE"><block type="math_arithmetic" id="296"><field name="OP">DIVIDE</field><value name="A"><block type="math_number" id="297"><field name="NUM">1000</field></block></value><value name="B"><block type="math_number" id="298"><field name="NUM">8</field></block></value></block></value><next><block type="inout_tone" id="299"><field name="PIN">D5</field><value name="NUM"><block type="math_number" id="300"><field name="NUM">196</field></block></value><next><block type="base_delay" id="301"><value name="DELAY_TIME"><block type="variables_get" id="302"><field name="VAR">noteDuration</field></block></value><next><block type="base_delay" id="303"><value name="DELAY_TIME"><block type="math_arithmetic" id="304"><field name="OP">MULTIPLY</field><value name="A"><block type="variables_get" id="305"><field name="VAR">noteDuration</field></block></value><value name="B"><block type="math_number" id="306"><field name="NUM">1.6</field></block></value></block></value><next><block type="variables_set" id="307"><field name="VAR">noteDuration</field><value name="VALUE"><block type="math_arithmetic" id="308"><field name="OP">DIVIDE</field><value name="A"><block type="math_number" id="309"><field name="NUM">1000</field></block></value><value name="B"><block type="math_number" id="310"><field name="NUM">8</field></block></value></block></value><next><block type="inout_tone" id="311"><field name="PIN">D5</field><value name="NUM"><block type="math_number" id="312"><field name="NUM">196</field></block></value><next><block type="base_delay" id="313"><value name="DELAY_TIME"><block type="variables_get" id="314"><field name="VAR">noteDuration</field></block></value><next><block type="base_delay" id="315"><value name="DELAY_TIME"><block type="math_arithmetic" id="316"><field name="OP">MULTIPLY</field><value name="A"><block type="variables_get" id="317"><field name="VAR">noteDuration</field></block></value><value name="B"><block type="math_number" id="318"><field name="NUM">1.6</field></block></value></block></value><next><block type="variables_set" id="319"><field name="VAR">noteDuration</field><value name="VALUE"><block type="math_arithmetic" id="320"><field name="OP">DIVIDE</field><value name="A"><block type="math_number" id="321"><field name="NUM">1000</field></block></value><value name="B"><block type="math_number" id="322"><field name="NUM">4</field></block></value></block></value><next><block type="inout_tone" id="323"><field name="PIN">D5</field><value name="NUM"><block type="math_number" id="324"><field name="NUM">200</field></block></value><next><block type="base_delay" id="325"><value name="DELAY_TIME"><block type="variables_get" id="326"><field name="VAR">noteDuration</field></block></value><next><block type="base_delay" id="327"><value name="DELAY_TIME"><block type="math_arithmetic" id="328"><field name="OP">MULTIPLY</field><value name="A"><block type="variables_get" id="329"><field name="VAR">noteDuration</field></block></value><value name="B"><block type="math_number" id="330"><field name="NUM">1.6</field></block></value></block></value><next><block type="variables_set" id="331"><field name="VAR">noteDuration</field><value name="VALUE"><block type="math_arithmetic" id="332"><field name="OP">DIVIDE</field><value name="A"><block type="math_number" id="333"><field name="NUM">1000</field></block></value><value name="B"><block type="math_number" id="334"><field name="NUM">4</field></block></value></block></value><next><block type="inout_tone" id="335"><field name="PIN">D5</field><value name="NUM"><block type="math_number" id="336"><field name="NUM">196</field></block></value><next><block type="base_delay" id="337"><value name="DELAY_TIME"><block type="variables_get" id="338"><field name="VAR">noteDuration</field></block></value><next><block type="base_delay" id="339"><value name="DELAY_TIME"><block type="math_arithmetic" id="340"><field name="OP">MULTIPLY</field><value name="A"><block type="variables_get" id="341"><field name="VAR">noteDuration</field></block></value><value name="B"><block type="math_number" id="342"><field name="NUM">1.6</field></block></value></block></value><next><block type="variables_set" id="343"><field name="VAR">noteDuration</field><value name="VALUE"><block type="math_arithmetic" id="344"><field name="OP">DIVIDE</field><value name="A"><block type="math_number" id="345"><field name="NUM">1000</field></block></value><value name="B"><block type="math_number" id="346"><field name="NUM">4</field></block></value></block></value><next><block type="inout_tone" id="347"><field name="PIN">D5</field><value name="NUM"><block type="math_number" id="348"><field name="NUM">262</field></block></value><next><block type="base_delay" id="349"><value name="DELAY_TIME"><block type="variables_get" id="350"><field name="VAR">noteDuration</field></block></value><next><block type="base_delay" id="351"><value name="DELAY_TIME"><block type="math_arithmetic" id="352"><field name="OP">MULTIPLY</field><value name="A"><block type="variables_get" id="353"><field name="VAR">noteDuration</field></block></value><value name="B"><block type="math_number" id="354"><field name="NUM">1.6</field></block></value></block></value><next><block type="variables_set" id="355"><field name="VAR">noteDuration</field><value name="VALUE"><block type="math_arithmetic" id="356"><field name="OP">DIVIDE</field><value name="A"><block type="math_number" id="357"><field name="NUM">1000</field></block></value><value name="B"><block type="math_number" id="358"><field name="NUM">2</field></block></value></block></value><next><block type="inout_tone" id="359"><field name="PIN">D5</field><value name="NUM"><block type="math_number" id="360"><field name="NUM">247</field></block></value><next><block type="base_delay" id="361"><value name="DELAY_TIME"><block type="variables_get" id="362"><field name="VAR">noteDuration</field></block></value><next><block type="base_delay" id="363"><value name="DELAY_TIME"><block type="math_arithmetic" id="364"><field name="OP">MULTIPLY</field><value name="A"><block type="variables_get" id="365"><field name="VAR">noteDuration</field></block></value><value name="B"><block type="math_number" id="366"><field name="NUM">1.6</field></block></value></block></value><next><block type="variables_set" id="367"><field name="VAR">noteDuration</field><value name="VALUE"><block type="math_arithmetic" id="368"><field name="OP">DIVIDE</field><value name="A"><block type="math_number" id="369"><field name="NUM">1000</field></block></value><value name="B"><block type="math_number" id="370"><field name="NUM">8</field></block></value></block></value><next><block type="inout_tone" id="371"><field name="PIN">D5</field><value name="NUM"><block type="math_number" id="372"><field name="NUM">196</field></block></value><next><block type="base_delay" id="373"><value name="DELAY_TIME"><block type="variables_get" id="374"><field name="VAR">noteDuration</field></block></value></block></next></block></next></block></next></block></next></block></next></block></next></block></next></block></next></block></next></block></next></block></next></block></next></block></next></block></next></block></next></block></next></block></next></block></next></block></next></block></next></block></next></block></next></block></next></block></next></block></next></block></next></block></xml>