<xml xmlns="http://www.w3.org/1999/xhtml"><block type="inout_tone" id="29" x="288" y="-162"><field name="PIN">D5</field><value name="NUM"><block type="math_number" id="30"><field name="NUM">440</field></block></value><next><block type="base_delay" id="112"><value name="DELAY_TIME"><block type="math_number" id="113"><field name="NUM">1000</field></block></value><next><block type="inout_tone" id="77"><field name="PIN">D5</field><value name="NUM"><block type="math_number" id="78"><field name="NUM">240</field></block></value><next><block type="base_delay" id="114"><value name="DELAY_TIME"><block type="math_number" id="115"><field name="NUM">500</field></block></value><next><block type="inout_tone" id="81"><field name="PIN">D5</field><value name="NUM"><block type="math_number" id="82"><field name="NUM">440</field></block></value><next><block type="base_delay" id="128"><value name="DELAY_TIME"><block type="math_number" id="129"><field name="NUM">1000</field></block></value><next><block type="inout_tone" id="130"><field name="PIN">D5</field><value name="NUM"><block type="math_number" id="131"><field name="NUM">396</field></block></value><next><block type="base_delay" id="156"><value name="DELAY_TIME"><block type="math_number" id="157"><field name="NUM">500</field></block></value><next><block type="inout_tone" id="158"><field name="PIN">D5</field><value name="NUM"><block type="math_number" id="159"><field name="NUM">440</field></block></value><next><block type="base_delay" id="162"><value name="DELAY_TIME"><block type="math_number" id="163"><field name="NUM">1000</field></block></value><next><block type="inout_tone" id="160"><field name="PIN">D5</field><value name="NUM"><block type="math_number" id="161"><field name="NUM">396</field></block></value><next><block type="base_delay" id="168"><value name="DELAY_TIME"><block type="math_number" id="169"><field name="NUM">500</field></block></value><next><block type="inout_notone" id="184"><field name="PIN">D5</field></block></next></block></next></block></next></block></next></block></next></block></next></block></next></block></next></block></next></block></next></block></next></block></next></block></xml>