<xml xmlns="http://www.w3.org/1999/xhtml"><block type="inout_mhello" id="35" x="137" y="113"><field name="PIN">D5</field><field name="STATE">HIGH</field><next><block type="base_delay" id="1"><value name="DELAY_TIME"><block type="math_number" id="2"><field name="NUM">1000</field></block></value><next><block type="inout_mhello" id="50"><field name="PIN">D5</field><field name="STATE">LOW</field><next><block type="base_delay" id="3"><value name="DELAY_TIME"><block type="math_number" id="4"><field name="NUM">1000</field></block></value></block></next></block></next></block></next></block></xml>